Review,Rating
"What can I say, absolutely I am enjoying iOS experience, and battery life amazing, Best Buy, only thing I missing fingerprint scanner. It‚Äôs very irritating each time you have to enter the password. Due to covid we all wear the mask. Otherwise best buy",5
"Camera is excellent and pictures are sharp,clear,natural. Slightly overpriced but you won‚Äôt regret in long term.",5
"Almost The Beast One as 12 pro
Camera is not as 13 pro but the best camers",5
"This is another awesome product from Apple..

Wonderful Camera quality
Feather touch
Good battery
Superb Night mode Camera

Overall, wonderful phoneüëç",5
"In one word fantastic‚Ä¶. Beast of a performer..

It good right balance of size and performance
Battery life is major USP of this mobile ‚Ä¶

Two major Cons :-
120 htz refresh rate is must have for this price point
Charging Speed is bit slow but that could be managed by great battery life",5
 Good experience,5
Fantastic red .. just unboxed it so cannot say about anything else . Loved it . Thank you amazon,5
Go on without any hesitationüëç,5
"I thought upgrading from 11 to 13 would be a hassle. I could transfer all my data from 11 to 13 very easily, Never even had to connect to a pc or download an app.",5
 This looks professional colour and perfectüëç. Nice product.,5
You don‚Äôt need to write anything when it comes to iPhone because iPhone just rules the world. Simply amazing‚Ä¶ price is too much though. The only disappointing thing is that they have stopped giving proper charger and also there is no earphones..,5
"Intelligent device with amazing camera ,display ,multitasking support , battery performance and RAM Management",5
Recieved the product in good condition and on time. Packing was very good. This is my first apple product üòç,5
"Camera 10/10
Display 10/10
Battery 10/10
No connectivity issue as I have faced in one plus nord 2 and Samsung a52s 5g
All-rounder phone I have never seen recommended to everyone but expensive",5
just amazing!!! Original product delivered with very good ackaging & fast delivery.,5
Thanks for Amazon my iPhone 13 üòç,5
Good,5
I like this phone . Got on discount in republic sale. Battery performance is improved by apple. Picture quality is awesome.Look wise phone is really attractive and decent. Overall performance is good. However it looks big in hand and slippery.,5
Phone looks good basically the diagonal camera. camera quality awesome. I was using I Phone6 then baught this I phone13.,5
Best product,5
"Excellent phone, far better than previous versions",5
"Performance are really brilliant ü§© , and have to say about the battery life‚Ä¶ excellence",5
"Too good, Screen display doesn‚Äôt feel like you are working with 60hz display, it feels like 90 hz , Phone os is so smooth, camera is excellent battery backup is good. Over all excellent phone",5
Nice product .fastest delivery by Amazon and thanks to seller for genuine product .,5
Really really awesome model to be in hands..The display has a great variation comparable to the android mobiles.,5
"Just go for it no need any explorer. Best of class

Recommend to wait for any offer
Got it for 73990",5
Too good camera and battery life,5
Good display,5
Quite handy n nice in look,5
Best in offering,5
"Finally, I gift this mobile to my lovely wife.
But it's very difficult to live with one kidney!!!",5
Experiencing 1st iphone usage.. battery life is bit down otherwise worth every penny..,5
"iPhone 13 is good connectivity and sound clarity, good experience, photo quality is good,",5
Value for money,5
Don't like Battery life and Charging is very slow compare to One+ Mobiles,5
THIS IS THE BEST SMART PHONE I HAVE USED,5
Nice product and packaging,5
Fabulous. Especially 4K HDR video recording and photography.,5
Nice User Experience,5
Everything was perfect delivery was on time and product delivered perfect. All in all a good experience.,5
Its an phone that feels differently in hand as compared to other phones. Absolutely amazing camera quality. The one of the best.,5
Good Product,5
Good,5
Best in the line üòÉ,5
Good,5
Loved the experience of owning the iPhone 13. A massive upgrade over the older generation of iPhones,5
Superb phone,5
Sb jordar hai ‚ù§Ô∏è,5
Just love the colour and performance as we all know ;) Every thing is just top notchü§©ü§©.,5
Nice product,5
"Best value for money iphone right now. Go for starlight or pink, no finger prints at all",5
"Good product
Camera is superb
Smoothness is of next level
Feeling proud and feel honor",5
As expected,5
First phone amazing,5
"Liking the device from all the aspects (battery life, performance, software)",5
Go for it .,5
Play Video,5
The battery life and camera of this phone is very good.,5
I am upgrade with newer version once they have it,5
Good phone. Got delivered quickly.,5
Battery life is extra ordinary. Performance is better.,5
"seems very good, let's see long term the long term use",5
Shifted to iOS for the first time. Happy with the purchase. Battery Camera OS everything‚Äôs buttery smooth!,5
This is my first iPhone and the experience has been amazing.,5
Iphone13 Quality is above all the existing smartphones in the world.,5
Best phone,5
Quite Awsome Phone,5
everything is perfect. amazon delivery and exchange was awesome.,5
i bought i phone 13 starlight few days ago... just wow... love it..,5
While playing camera and video recording the phone is getting heated,5
Received in two days! Amazing package and authentic product!,5
My first iphone and there is nothing better‚Ä¶Go for it..Absolutely Fabulous,5
Iphone13 Quality is above all the existing smartphones in the world.,5
Best phone,5
Quite Awsome Phone,5
everything is perfect. amazon delivery and exchange was awesome.,5
i bought i phone 13 starlight few days ago... just wow... love it..,5
While playing camera and video recording the phone is getting heated,5
Received in two days! Amazing package and authentic product!,5
My first iphone and there is nothing better‚Ä¶Go for it..Absolutely Fabulous,5
"It‚Äôs an amazing phone‚Ä¶.First time IPhone user, great user interface‚Ä¶Sexy looking phone.",5
Nice phone and battery backup improve other iphone,5
Great filling,5
"Value for money , quite good performance",5
Camera is superb,5
As Expected iphone rocks.. High price,5
One of the finest creation from apple loving it,5
It‚Äôs a wonderful phone.,5
Iphone 13 is very beautiful phone...& very simple.. phone..,5
Product is very good. I am happy with this product,5
genuine product by amazon thanku loved to buy it,5
Phone was nice and delivery was late,5
Best in this range,5
Got delivered in 1.5days. Amazing Amazon!!,5
Overall good buy,5
Ok,5
Worth every penny,5
An expensive one.,5
Awesome product,5
Let‚Äôs see how it work,5
"Amazing phoneü§©battery ,everything",5
Mobile nice,5
Just superb phone.,5
Amazing phone,5
"Awesome.
Ty amazon",5
Mostly liked,5
It‚Äôs worthy!,5
Like,5
Nice,5
Worth every penny.,5
Purely loved it üíô,5
Value for money,5
Decent battery life,5
Great,5
Good product,5
Good,5
Awesome ‚úåÔ∏è,5
Very sharp display,5
Ok,5
Was using 11 before this. Wanted to go for 13 pro. Wished 120 hertz pro motion display in my phone. But that costed way too much. Nevertheless this standard 13 model is not too behind. Almost same cameras. Amazing battery life and speakers. And build is similar to 12 offourse but functionality is better. Great changes from 12 especially in camera and battery. Perfect value smartphone in 72000‚Çπ (128gb). IOS is IOS. Ecosystem is unmatched. Hence for me a perfect phone.,5
"Long time android user here, I bought the iPhone 13 as a replacement of my android mid range and also to shoot Youtube videos as I think an iPhone offers better value than any 60-70k vlogging cam. Absolutely love the camera, battery backup, the build quality-just no words there. Unlike android, I do not have to worry for extended zoom and g calls--very reliable. Definitely, Apple got another long time iPhone customer.",5
"Upgraded from 8 plus to 13, so far I lovee the camera settings and it‚Äôs display, the battery life is something I didn‚Äôt expect from specially Iphone, the charge cycle is unbelievable!! If I charge my phone in the morning then it‚Äôs good to go for an entire day to use it!! I‚Äôm glad I purchased it!",5
"took some time to adapt the new interface from android but its all worth it in the end.

What's Great?
1. Display
2. Camera
3. Stereo Sound
4. Battery
5. User Interface

What you will miss?
1. Fingerprint scanner
2. Jio switch to video call directly from voice call (Facetime !)",5
"Phone is excellent. IOS is very smooth. Battery backup excellent. The problem lies with the accessories that you will be forced to purchase. There is no charger. (Additional Rs. 1900 for apple charger). The cable is type c to lightning. (Additional Rs. 1000 for certified belkin usb to lightning cable; apple cable >2000). No headphones. (additional Rs. 2000 for other brand earbuds). No cover and screen guard. So for this price you will get phone, cable, sim ejector pin. Im not satisfied with this cable, they should have provided usb to lightning cable.",5
"Play Video
 Best mobile. Best thing is cinematic video recording and as well as nice picture quality. Update from iphone 11 to 13 and liked it.",5
"Actually I am Android user since 10 Years & Now I Switched to Iphone Yes its little difficult to adjust and comfortable with iphone it's take almost 1 week to friendly with them
Otherwise I am Student so as a student usage The Battery gives me almost 1.5 Days with once full charge & No Doubt Performance is Next Level
Camera is Good Both Rear & Front But you will miss Telephoto Lense but overall is good
I got Huge Discount it's almost I spend 63,000/- INR for 128 GB

Trust me If you have sufficient Fund Go for it
Otherwise Next Option is Iphone 12 for 50,000/- I think in this price is Good

Thanks",5
"Apple iphone quality is good. Battery life is good initially, hope it remains same for some time. Money wise all apple products are costly.",5
"I saw in nearby stores
It looks almost like iphone 12 except camera position
Both the phones are awesome
Whoever is having money can go for it
But people like me can see in stores",5
this thing is absolute beast in battery when compared to other iPhone's. I used note 20 ultra before and i am getting nearly the same battery life with this phone in this perfect shape. I am super happy about my purchase. The camera is really great with some new features. if u are looking for a new apple device and your budget is 80k+ u can definitely buy this and not regret.üíØ,5
"Before this i have samsung and i never click self image standing in front of the mirror tab ""Mausi"" ne kaha Apple lelo aur ab shakal kesi bhi aaye selfie mirror k aage.
Note: 1 saal ruppee showoff k liye hi dete h mostly Apple lene wale log",5
"Buy from Dubai not worth 90,000 phone is good ; battery life is amazing and nice true good and nice",5
"Just received this in the morning. My mother loves the red colour. Also, the camera‚Äôs pretty impressive. Haven‚Äôt tested the battery yet. But, I‚Äôm sure it‚Äôs much better than the previous versions.
The best part is that Red colour‚Äôs not flashy.",5
"In 2022 atlas switched to iPhone, switched to IOS from Android. Awesome lightning fast IOS, Display, camera, battery life. Overall good experience",5
"This is my first i phone , camera is amazing ,battery is good overall feel is mind blowing , go for it if its your 1st iPhone",5
"The price is directly proportional to the features. Everything is perfect no issues. If you want to switch to an iPhone, this is the perfect phone.",5
Brand wise good phone. Though expensive but better for those who don't have much use and they are looking for safety quality and brand,5
One day I will purchase it :) still a big dream saving money for buying it after 10 years atleast :(,5
Mind blowing phone next level photography and camera quality infact battery life is also inproved much Its value for money no doubt,5
"First of all all those chapri who gonna buy it from emi will cry that it is same like iPhone 12 and doesn't have adaptor.
Lol then why you bought thisüòÇ",5
Good product and using for personal use. The device is working well.Not facing any glitches. Highly recommended product for everyone .,5
"Camera has improved many folds.
Battery improvement is like wooooowwww!!!
It‚Äôs a go go if you own iphone 11 or older.",5
" Go and buy this phone

It has apple bionic 15 chipset which is very powerful.

You can play hardcore games like pro players",5
love the phone... its amazing the camera quality is so good...apple never disappoints.. though people with iPhone 12 wouldn't find anything new,5
Best phone ever . I was using iphone 12 but now I had upgrade to 13 thanks Amazon thank a lot,5
It's good phone more stora it's camera and well only nice phone iPhone 13 it's better and all good Apple,5
"I phone 13 having lot of good features but difficulties for sr people..missing home button, no call recording, need to buy c type charger etc..",5
Battery camera smooth touch awesome white colour best colour I am very impressed with the quality of the product ..,5
"Truely amazed with its performance, though I miss my second kidney .... Still happy and surviving... Go for it today...",5
"Best batteryyy life everrüëçüèªüëçüèªüëçüèªüëçüèª
Go for it..i m in love with iphone 13
Osm phone with osm battery life
‚úåÔ∏è",5
 Beast performance üî• battery life is better but problem with this is unable to scan codes apart from that 13 is unbeatable,5
"Best I phone
I‚Äôll upgrade from 11
Pro
To 13 pro
Beast phone
Best in camera
No words for.Apple
K",5
TOTALLY DIFFERENT FROM IPHONE 12 BETTER CAMERA FASTER PROCESSOR AND BETTER BATTRY LIFE A MUST BUY. THE BEST PHONE EVER MADE.,5
Gud product and performance both are perfectly work service is also Gud pictures thanks apple for Gud gadgets thanks thanks,5
"I didn't use the product but this is very hard security device and it's my dream..
And you also purchase the iphone13",5
This product is duplicate of iPhone 12 only camera design changed. Very low quality of this product Buy Samsung mobile phone,5
"I can't afford it's cover üòÇüòÇüòÇüòÇ

And you are giving discount on that phone üòÇ I can only use its launcher üòÇüòÇ",5
Good but buy i phone 12 for this price that is much good in my opinion and 11 pro i,5
"Ignore the negative comments made by amateurs.

Reasons for upgrade :
1. Camera: Bigger camera aperture, OIS, cinematic mode. Low light pictures are outstanding as you can see the 2nd picture of the flower taken at night. Also some of the pictures during daylight for reference.
2. Battery: Apple has really done a good job in battery management. It's giving a good battery back up.
3. Processor: New A15 processor and better performance.
4. Software: This is the usual strong point of any iPhone with iOS.
5. Storage: Not to forget you‚Äôre now getting 128 gigs as base storage compared to 64 gigs last year on base model price.

Who should buy this phone:
1. If you're already using an iPhone 12 don't bother to upgrade. Wait for next year release.
2. Those who are using iPhone 10 or previous versions can surely feel much of a difference.
3. Price gap: Iphone 12 is 70,000 INR with no offers at present. Iphone 13 with 6000 discount on HDFC Cards makes the actual price around 74000. It makes no sense to save 4000 and buy an year old device iPhone 12 if you‚Äôre upgrading from iPhone 10 or previous versions.
4. iPhone 12 purchase will only make sense compared to iPhone 13 if it's price gets reduced to 55000.

Customer Expectations:
1. At least an always on display.
2. On display fingerprint scanner.
3. A 90hz refresh rate if not 120hz for iPhone 13 model. In India we are paying a lot for base models.",5
"Oneplus 7 to IPhone 13

The UI and feel which iphone gives is mind blowing.",5
"I‚Äôve been using iPhone 6s for almost last 6 years. The only problem I ever faced in its entire lifespan was the battery life. And Apple has finally broken that. Apart from amazing user experience, camera, and all that is great about iPhone, the battery life of iPhone 13 is simply awesome. Do not doubt for a second if you want to upgrade your phone. Jus go for it.",5
"May not be the best one to upgrade to, but I absolutely loved this phone as a first time iPhone user. Battery and Camera are better than expected.",5
"I have purchased my first Iphone every.
I can say camera is best in market (Vivo v70 pro+ is biggest competitor), Build quality is good with lots of new feature.
if you are iphone 12 user, I will not suggest to you. Because there is no much difference between 12 and 13.
But if you are purchasing new iphone or upgrading from 11 or below, then you can recommend this as best option.
Iphone competitor samsung is providing foldable phone but they are not worth to buy because foldable are attractive for the first time only, after that you will see the bend clearly.

Feedback : This is fully satisfied with cool features",5
This is first time iam using an Apple smartphone and iam completely satisfied with this product in Major areas with compare to other android devices and this is the next level experience of using iPhone 13 service device,5
Superb mobile from Apple.,5
"Improved camera.
Very Impressive battery.
The screen is much brighter.",5
"Pretty Pink Color with amazing features apple has added to the new phone!
Feels very light while holding the phone!
Happy customer ‚ù§Ô∏è",5
 Good one n nice color‚Ä¶go for it camera feature has modified‚Ä¶ u can go only u r a apple lover otherwise go for 12,5
I am having a great exprience with it after upgrading from my Xr . It feels lighter than my Xr too & find the display really Crisp as earlier i was using an LCD display,5
"After iPhone 4, I am going back to the Apple ecosystem, by purchasing iPhone 13. In the meantime I have used several Android and Windows phones. This is the best, though at a much higher cost. The battery life is a surprise, with a good life of over almost two days, with normal use.",5
"I wanted to upgrade from iPhone 7 to latest and I believe I did right in purchasing iPhone 13. Very happy with look and feel , Performance and Battery",5
"The phone is really good and the response is better than my earlier iphone11. Camera is fab and the cinematic mode really do the magic. However, it is too expensive for the price, which is mainly bcoz of the Apple brand. Also, Apple not providing charger for environment purposes, is fake and I do not agree to it. It is another way of selling accessories at extremely high and bizarre margins.",5
iPhone 13 looks awesome with great performance and good camera quality totally liked it.,5
"Play Video
 Everything about this phone is best‚ô•Ô∏è
GREAT BATTERY üîã
GREAT CAMERA üì∏
GREAT DESIGN‚ô•Ô∏è",5
"If you are switching from qndroid to iso, then this is a good decision. Excellent battery life and camera. Just go for it.",5
It‚Äôs a great upgrade‚Ä¶camera is good..,5
"Pro: Brighter display, Great cameras, and A15 bionic chip
Cons: Lacks fast charging.",5
"Battery life is a pleasant surprise, and with a 20W chargers it‚Äôs a good experience. With the camera enhancements, it‚Äôs feels like a good value for Money",5
Must buy. Value for money,5
Loved it !,5
Battery Life is awesome. Since I had issues with my previous iPhone battery i am quite satisfied with this one.,5
Best iPhone I have had in a while,5
I get iphone 13 thanks amazon,5
"The midnight colour is little bit like navy blue and besides all the things are good and also I like the new cinematic mode of it.
It‚Äôs good",5
Great to use! Has an amazing camera. Quite light and looks stylish.,5
My first iphone,5
Good,5
Good product,5
Battery life great full day backup,5
Nice one,5
‚ù§Ô∏è,5
This phone has AMAZING FEATURES idk why people hate it this deserves to be liked more as the phone even has CINEMATIC MODE perfect for people who make movies,5
"I switched from Oneplus 5t to iPhone 13. The reasons I switched was 1. Battery life of Oneplus 5t deteriorated rapidly and OnePlus hardly cared to explain this. I also suspected that OnePlus deliberately created a bug that led to sudden drop in battery life. 2. Wanted to get an Android phone but could not find even one decent phone that did not have heating issues. 3. Oneplus device also suffered from Screenburn.

Having switched the battery life is sorted and the phone does not have any heating issues but iPhones lack basic features such as

1. Display of date and time on status bar
2. The rounded edges of the phone create a problem as some apps with options at the bottom of the screen are not properly displayed.
3. Amazon App does not allow purchase if Kindle books on iOS devices.
4. Typing is a problem as the screen is smaller compared to a OnePlus device.

Overall, I am neither too happy nor too sad with the purchase though I must confess that price of the phone seems exorbitant vis a vis the value delivered.",5
"I always wanted to buy an iPhone this one is just made for me it's has a very good camera and I just love the look.
If you are going for iphone than I highly recommend this phone to you other than other than 12 or 11.",5
"I switched from OnePlus 6T to iPhone 13. Just a fabulous mobile. Amazing camera just like a DSLR in pocket. I purchased my iPhone 13 from iPrime store because of same price online & offline. Bought it at ‚Çπ 81,800.00 (iPhone+ 20w adapter).",5
"I have no money to buy this ph , i am poor guy, kind hearted person can gift a i phone any model no problem . May god bless you üôèüôèüôèüôè",5
This is the best iPhone till date. Same price. Superb battery and awesome camera. If you're using a iphone 12 dont go for this. If iPhone 10/ 11 blindly purchase it,5
Iphone 13 256 gb variant purchased from reliance digital really value for money phone especially battery back up is mind blowing overall good phone.,5
"Its a great deal for me to purchase this one , its a great camara well focused , best ever battery backup.....",5
I recently got my iPhone 13 128 gb got amazed with the camera and other things‚Ä¶‚Ä¶worth for ur money loved this product,5
"Play Video
 Good experiance",5
"As a first time iPhone user, I was very confused to buy this iPhone 13 or 12 though price difference is manageable‚Ä¶so after all reviews and conclusion I went for iPhone 13 and now after one month usage I can say I have made very right choice. Works very well for me. Be it camera, battery , display. Everything is just perfect‚Ä¶after all it‚Äôs an iPhone. And I am moderate user.. so I don‚Äôt play heavy games on this device..hence with normal usage it gives me approx 1.5 days battery back up. Hope it helps to choose the right phone for you :-)",5
"Reviewing after 2 weeks of use :
Cons : Only one cons that is Refresh Rate should be 90hz even 60hz works very fine
Pros : Except that above cons ,everything is more than ( + ) the expectation ; up to the expectation is Night Camera",5
Nice product!,5
"Came from ANdroid. Android has its own perks. But as a daily driver and for doing simple tasks and click pics at go, its a reliab",5
"Today I got my iphone 13 Starlight and guess what it was just extra mind-blowing than my imagination.. just loved the way of packaging and delivery..
One more thing is that we are confused sometimes because of the negative comments like fake phone, broken, clone phone received... Believe me just ignore those stupid negative comment section , & just go for it without any hesitation . Because Nothing fraud is going to happen with you . It's very secure ,trusty . Go for it",5
Best camera phone and battery too good,5
"iPhone 13 is an amazing phone. I picked the green colour specifically because it‚Äôs the latest one and battery ought to be new, fresh out of the factory.

Got it for 62k after bank discount and old phone exchange.

Cameras are amazing, performance is amazing. Battery is very good improvement over previous iPhones.

Only bummer is the lack of 20W charger in the box.

100% recommended.",5
"My dream is to buy this phone but pocket is so tight . Just a marichika to me.
Every day I think to have this .",5
Absolutely amazing phone and its worth all the money. Good battery life and very smooth.,5
IPhone is always best,5
"Excellent in every aspect, battery life is very good, lasts easily for 1-2 days. Worth buying.",5
Excited. first IPhone experience is great. While charging device is heats up quickly may be optimization issue. Overall happy with Iphone 13 blue colour.,5
"Previous mobile was one pluse 5 switched to i phone 13 and i am just fall in love with ios.

Watch Lot of youtube videos about ios vs android and take decision to go for ios. Its super cool",5
" FaceID To good , Cameras üì∏ Awosome, Battery Life Very Good ..",5
It‚Äôs an awesome,5
Bestest phone there is no comparison of iphone with any other phone. Specially for picture quality. Look wise also good I‚Äôm having blue colour I didn‚Äôt like that colour but white and black colour was not available at that moment that‚Äôs why i go for blue one.. well blue is also good.,5
Good phone,5
Phone is very nice. Adaptor should be provided. Battery life is very good. Only drawback is its price. Overall it‚Äôs a good product.,5
Awesome Camera,5
As this iPhone offers well stable iOS and one of the best hardwares this is a nice phone to buy,5
"Nice product and gorgeous...!
Very nice camera quality.
Display is too good...
Body is also good.
Is has many hidden features than iphone 12 and 11 and all old products...",5
"Will give my score for each specs out of 5

1. Performance - 5/5
2. Camera - 5/5
3. Battery life - 5/5
4. Charging speed - 2/5
5. Sound quality - 4/5",5
"I was looking to buy a new smartphone after my POCO F1 started having issues. If you are someone like my who's looking to move from Android to iOS, don't think twice and go ahead with the purchase. I got the phone on release day and the experience so far has been hassle free. If you have any other Apple devices, then the decision is a no brainer since sum of the each part is greater than the individual ones. One thing Apple should work on is adding 120Hz screen and switch to Type C port. I'm more than happy with my purchase.",5
Worth product,5
Very Nice mobile,5
"Best phone in the class
And I am really happy with the phone and I really love it
The best",5
Very good phone,5
Amazing phone with great features. User friendly wont be switching to android again I think,5
"Buy iphone if you really want a product from Apple and if you want smart phone with lots of features go with android phones.
Best feature in iPhone 13 is only camera which gives best in class picture quality even in low light.",5
"Before time delivery and original product . Apple is beyond doubt the best phone maker have shifted from flagship samsung and liking the change . The fit n fineese of ghe product is amazing , battery backup is superb and airdrop is super fast like a blink . I short must go for iphn 13 pretty well balanced and hopefully will last for 5yrs as my ipad which is running solid since 2017. Make the shift from android as apple ios is buttery smooth.",5
Ô£ø The name ‚ÄúiPhone 13‚Äù says it all. I used to use iPhone 8 before this after using iPhone 8 it really gives me superb performance and have no complaints to it.The all new colour Green gives an awesome and new look. No regret for upgrading to iPhone 13 Ô£ø,5
"Amazing phone , Amazing Battery life , Stunning camera , and the videos are like wooooow , every one is sure to ask you which device did you use to upload these premium quality videos . Battery is rocking gives more than a day backup",5
Good Display... Fast performance... Great battery life for an iPhone.,5
"The phone is simply great, however costs much higher than the competition so not at all a value for money in india ,
Camera - simply one of the best i have ever used in a phone
Os - buttery smooth
Battery - best in class as compared to previous iphones
Display- one of the best display , but not a 60hz, you won‚Äôt notice the difference untill you get a iphone 13 pro for a whole day, however ios manage 60hz smoothly
Security - the main reason i choose ios over anyother android, and yes its great and gives a peace of mind that my data is secured with ios.
I also now enjoy my ipad more than before due to the eco system apple provided .

Overall a great phone but a bit expensive to the functionality it offers , but would recommend iphone12 if you are looking for a great value for money. Not a great difference but that phone cost 30k less than iphone 13 on sales which is way better deal than this one.",4
"First time I switched from android to ios . Yeah there is some points which I don‚Äôt like in ios but in aspect of phone (iPhone 13) I would say it‚Äôs fantastic. And battery backup is really gud I have used it for avg. 4hrs screen on time and it show 20% left after 48hrs. Rest camera is perfect. But i was disappointed from seller‚Äôs packaging ,pls improve ur packaging it‚Äôs iPhone person who spends 80k expect something from you.",4
"Scores high on style, looks, great camera, fast. iPhone set-up from previous versions of iPhone is very very fast and smooth. Entire set-up took just 10-15 mins and everything was copied over w/o any loss of data. Face ID set-up is very powerful. Battery life could be still better. Obviously price point could be a little more affordable.",4
" Highly recommended to buy this phone as I have switched from Android to iOS but still I am feeling very comfortable to use this phone as it is user friendly. Amazon sells original product and keeps you updated about the delivery unlike other marketplaces and also provides great discounts which is amazing, so for the one's planning to buy can go ahead and choose Amazon to buy an iPhone.",4
"I was not sure whether to buy from Amazon or not as I was more willing to buy it directly from Apple online store. But because of 11k discount, I ordered it from Amazon and the product received is good and I have verified the warranty on Apple website using serial number.",4
First thanks to Amazon for providing the original product. Battery backup seems to be good which was the main issue with iPhones. The only cons I have noticed is a low signal in some areas.,4
"All of good üòä
Fingerprint print reader is very fast ‚è©",4
"Initially, I thought of compromising with camera features and decided to buy iPhone 13. But now, I regret. iPhone camera definitely needs improvement, otherwise iPhone is best. You may also feel little heavy when compared to other leading flagship mobiles.",4
There is a Light source flares on camera image when you direct your phone camera on light source. This is creating green light spot on image. It is problem with the iPhone lens. I don‚Äôt recommend this phone if you are a fan of camera. But you can use Snapseed app to remove it.,4
 My mom gifted me for birthday iPhone 13 was really good but sometimes it will heat apart from that mobile is good,4
Each thing is good but as visible midnight Black that is totally different which I find so could be better if it's totally black or z black.,4
Not recommended,4
All is well but siri doesn‚Äôt work maximum time. Its too much boring to turn on and off siri to make it listen.,4
apple always the best n perfect,4
Good one but photos taken in this camera changing the originality. Call recording feature for Indians is needed for free of cost,4
It‚Äôs was awesome its speed is great I play many games but battery is not good but it‚Äôs great firm simple use,4
It‚Äôs good,4
Absolute rip off. Phone keeps hanging.,4
"Its a topical iPhone similar to previous gens
But the battery life is incredibly.",4
Excellent,4
"Excessive heating while setup, backup n restore",4
STARLIGHT AMAZING,4
Nice performance,4
"So I ordered this phone from apple‚Äôs official website. And have been using this for the past 1 week and trust me it has one of the best batteries you will find on any phone. I am a moderate user when it comes to cellphones i.e the basic Instagram Facebook WhatsApp YouTube and Netflix. This phone if charged fully lasts up to 24 hours if used moderately without any heavy gaming.

The reason I am writing this review is because of the useless comments of people that are rated high but can‚Äôt actually afford this phone.

Coming from one plus 6t this phone is a huge jump (I love my one plus‚Ä¶ still using it as my work phone) but it is obviously a lot to adjust to since we are completely switching to a different OS seems like shifting to a different nation all together.

Anyway.. if you do have a good enough budget you should definitely go for this beauty",4
"The biggest improvement I have noted is the battery life. It‚Äôs really good. Upgraded from my 7 plus after 4.6 years. Another thing I like is MagSafe charging. One of the main issue I face with my old phone was charging port failure due to dust accumulation. MagSafe charge helps from above said issue. Of course we have to pay for that extra. Even though am enjoying bigger battery ,the thickness increased a bit and it is bit annoying. My advice is it‚Äôs a highly paid model, so use it minimum 3 years.",4
"Iphone 13(blue), Outlook looks good but not attractive, looks dim. After usage of 20min, I can see fingerprints all over the phone. Cinematic video features looks great, can't use Iphone 13 charging cable with other iphone adapters. Finally my first iPhone experience is average.",4
"The smartphone marketplace has changed drastically over the span of the past few years. Over the years, it has become more competitive than ever before with a lot of smartphone makers launching their flagship devices every six months. Amid these challenging times Apple, like a bunch of other companies, has maintained a yearly update cycle for its iPhones. In this series, the company, as is customary, announced the iPhone 13 as its successor to last year‚Äôs iPhone 12.

The newly launched iPhone 13 delivers minor upgrades over the iPhone 12, which includes a smarter camera, a brighter display, a bigger battery and of course, a more advanced processor to name a few. Then there are features like a smaller notch and a less pronounced rear camera module that might seem insignificant compared to the mentioned features but make a world of difference when it comes to usage. Sure, it‚Äôs a tad bit heavier than the iPhone 12 but if you compare it with some of the older iPhone models, like the iPhone 11 or the iPhone XR that I have been using, for what seems like aeons now, you will be grateful for everything that the iPhone 13 offers.",4
Good offers,4
Camera is not impressive comperative its old phones.,4
Good Phone,4
Same as I phone 12 üòë. Who so ever is reading this review I suggest go for I phone 12,3
"Apple Marketing has done quite a good job month after month to keep people on their toes with their new launches where there is nothing great about this phone. I have been on Android for almost inception of phones and switching to iPhone is just a pain.

1. No guide or help to transfer your critical data(Move to iOS doesnt work at all with high amount of data transfer.
If you want to buy, go to brick and motor shop and get your data transfer then and there.
2. Over hyped phone, nothing great i have found in the phone. May be i will find it better.
3. Total stuck with ecosystem.
4. At 90K they don't provide charger and are selling the same as extra. Total cheap strategy to earn more and promote their magsafe.

I am not a happy customer till now! In a world where we talk about openness and open for integration, apple gives you a kind of black box... Boo to Apple!",3
"I switched from Oneplus 5t to iPhone 13. The reasons I switched was 1. Battery life of Oneplus 5t deteriorated rapidly and OnePlus hardly cared to explain this. I also suspected that OnePlus deliberately created a bug that led to sudden drop in battery life. 2. Wanted to get an Android phone but could not find even one decent phone that did not have heating issues. 3. Oneplus device also suffered from Screenburn.

Having switched the battery life is sorted and the phone does not have any heating issues but iPhones lack basic features such as

1. Display of date and time on status bar
2. The rounded edges of the phone create a problem as some apps with options at the bottom of the screen are not properly displayed.
3. Amazon App does not allow purchase if Kindle books on iOS devices.
4. Typing is a problem as the screen is smaller compared to a OnePlus device.

Overall, I am neither too happy nor too sad with the purchase though I must confess that price of the phone seems exorbitant vis a vis the value delivered.",3
"This is my first IPhone

Phone looks and feels premium in hand, definitely you cannot compare with Chinese android phones.

Battery is sufficient for normal day to day use, if you use hotspot then it will be drained in 5 hours, I don‚Äôt play games so can‚Äôt comment.

Security, OS and hardware comprised intact kudos to apple for that, this is where iPhone stands out from other phones.

Volume and camera is amazing and you feel next level if you are switching from Chinese smart phones. Same Dolby and oled display feels premium in iphone.

Didn‚Äôt explore much on apple eco system, how ever I understood that you need to spend some extra bugs than usual if you want to be a premium user of apple eco system.

Nothing comes for free here, in fact you would loose the freedom of being an android user (less customisation and no side loaders)

In a good way, if you respect your privacy, security and getting premium services in the market you should choose iPhone.

New users are good to go for iPhone 13 with few extra grands with the current offers, you will get extra features that are missing in 12.

12 users forget about upgrading to 13 it will be a joke for you, it won‚Äôt worth it.",3
"Reviewing after 2 months usage.
+ve:
1. Battery
2. Display
3. Camera

-ve:
1. Screen not responding in all the corners, I need to click three or four times
2. Portrait mode pictures , one plus does better than this
3. Phone got Stuck three times
4. When I play PUBG/BGMI fire button takes some time to respond (not sure it‚Äôs BGMI issue ) and also with mobile data BGMI not able to handle extreme graphics

Note : these are all my experiences as new iPhone user who used Oneplus7 earlier.",3
Battery drains fast and it should not be priced more than Rs 60000,3
Good phone,3
Supar,3
I was a android user from long time and had a thought of shifting to ios . IOS is awesome but not actually as android we can get samsung s20 with great value and compitable with 13,3
"Not up to mark, somany glitches, and when contacts service support and centre physically both advise for formate and reset mobile, if u don‚Äôt want mobile for show off then go for better options with higher end android.
Siri not working proper
Heating issues
Back button missing",3
"I'm not satisfied with overall experience that this phone offers; camera, display, and feel are not good for this price.",3
"tl;dr:
If you can spend more money and want a better camera go with Pro or ProMax
If you like the Apple EcoSystem you can get this else stick to Android

Pros :
1. Good Display / Brightness (Supports Dark mode and You can control White Tone which is nice). It has 60Hz refresh rate but you won't feel the difference imho
2. Good Battery Life (iPhone 13 Series has good battery life but ensure you have a supported charger) I use my MacBook's charger which charges the phone pretty quickly.
3. Best Privacy Control
4. Camera in Portrait Mode and Selfie Camera (LiveText Detection is a nice feature)
5. Fast Processor / RAM management is good
6. Great Resale value / Apple Support

Cons:

1. Screen size (6.1"" which is less in this price segment)
2. Optical Zoom in 13 is not great (If you want a camera phone go with Pro or Pro Max or Android alternative)
3. Third Party App Size is Huge (Gmail is 300MB / YouTube 250 MB). No native app lock option
4. Very Less OS customizations / No Fingerprint Scanner (hopeful this gets better with iOS 16)
5. No Native Support for mkv and other video formats (you can download a third party though)
6. Native iOS Apps either require a subscription or are paid.
7. File Management is restricted / Not easy to download *multiple* files from Telegram / Drive",3
Battery life is very poor,3
"The look is retrograde . Feel is cheap. Does not have physical double SIM. The Airtel does not offer eSIM for prepaid connection. Fortunately jio revised an eSIM that got activated in 2hrs‚Äô.
There is nothing so spectacular about the camera. The cinematic mode is good.
This is my first exposure to iphone.
Impression : As good as any high end handset. Android is really more user friendly.
Battery life for a new hand set is just good. Sustains 12hrs‚Äô normal mixed use.",2
Battery is draining faster,2
"Maja nai aaya sach bolu pichhla wala hi hai
Kuch naya waya karte nai hai yeh apple waale bilkul maja nai aaya",2
This product is duplicate of iPhone 12 only camera design changed. Very low quality of this product Buy Samsung mobile phone,1
"You should be a bigggggg bot to buy this phone
You could get iPhone 12 Pro that‚Äôs the best üòÇ",1
"There was a hairline scratch on the screen which is not clearly visible directly. When we tried contacting Amazon for the replacement, they asked us to connect to apple and when connected to apple, they asked to connect with Amazon. Blame game begins and we end up paying the price. Awfull service. I am going to tag on the social media both Amazon and apple. Such a big scam",1
"Just but iphone 12!
It‚Äôs not worth the money!
Unless ur from BJP or something where you‚Äôre full with corrupt money, then go ahead.",1
i am poor and i cant afford it lmao xdxdxdxdxd so if you have money to flex buy it i am bored thats why i am writing this review while drinking coffee i have my chemistry exam on manday and cant study mole concept and got bored thats why i came here to write this review if you read this review til here very good you justt wasted your time now go and do something productive :),1
"Price is very low than expected. I don't buy cheap phonesüòú. Waiting for iPhone 20..........
To buy A S A P",1
" I switched from Android to IOS.
There are so many things you can not do on iphone.
If you want a phone which have good looks and phone doesn‚Äôt do anything else then you can buy iphone.
Battery life is fine.
Charging speed is also fine.
Camera quality is also fine but some of android phones with this range have better camera quality than this one.",1
"Phone, Email & SMS management extremely unfriendly, primitive and restrictive
Unnecessary animation on each action
Very bad user experience",1
"This is just a brick. Cannot be used for calling or internet access unless you have wifi. This device has serious network issues. My One Plus 9 Pro and Realme 7 shows 100% network bars and internet work fast enought to stream multiple HD videos at the same time (speed test result 45mbps - airtel postpaid). But this apple device shows only 1 bar and sometimes none. You can't do anything other than just looking at phone. I kept 9 pro and iphone 13 at the same place at the same time having airtel postpaid sim card inserted. OnePlus gets full coverage of same network while iPhone gets only 1 bar coverage which cannot be used for anything. When I checked online, found that a lot of people facing same network issue with iPhone 13 series. Seriously, I would not recommend anyone to buy this brick.",1
"Apple making fools of images ridden duffers. Overpriced phone, don't have bsic features like 120 hz display, only 3100 mah battery.",1
Please don't buy iphone from Amazon as I have received the box with broken seal. You can only replace and there is no option to refund. So guys beware.,1
"Have Dent on the edge after checking trying to replace the product but we unable i have try many ways to replace so please don,t buy fom online plateform this expensive phones .",1
Phone delivered to me on 28 feb 2022 and the phone is already reseted on 25 Jan 22,1
no words,1
Same as iphone 12 expect camara not satisfied go with I phone 12 if you want best camara then I phone 13,1
"Headset of my iPhone is not working
What can i do",1
Front camera wasn‚Äôt working. Got a defective piece.,1
Battery life is worst . Even normal use call whatsapp battery drain fast 1 day backup only . Don't go for iphone 13 if u want battery backup. And Android user don't go for iOS lot of disadvantages are there. And don't waste money. U can go for higher range Android.,1
The battery has been draining significantly. Customer service were not that helpful and I'm losing my mind to resolve this. I'm so disappointed in myself for buying this phone. What a terrible experience,1
Gave scratched phone as and screen broken and also denied for return,1
Not at all worth the wait and price. I phone 11 and 12 were better version at this price points. Nothing much has been changed. Check before you buy and make a good decision.,1
i think i got duplicate mobile,1
Battery charging very slow not a good option to buy iPhone 13 face unlock below standard,1
"The phone is heating badly when put on charge. And when on use of 15mins , the phone is getting heated up",1
overpriced phone,1
 Na,1
Heating heating heating. Not expected from a phone with such price,1
"Defective piece, can‚Äôt contact the seller too",1
I received used Mobile,1
No big upgrades at all!! It‚Äôs the same as iPhone 12 except that they changed the camera designed! Apple STOP FOOLING US,1
You can buy two to three Samsung/Other best mobiles with this specifications.. not up to the mark. Only camera got changed compared to iPhone 12,1
Very expensive and not working well as I was thinking about it so I think this is my wrong selection.,1
wastage of money. better go for Iphone 12 pro. amazon Great indian sale also ll be there at 4th oct just grab ip12pro with huge discount. and iphone13 assembled in China but 12pro assamble in India,1
"I don‚Äôt know why they are doing this kind of things i mean at 70k even you don‚Äôt get the 120hz display, at least 90hz must be there. Only camera improvement, instead selling phones why they don‚Äôt sell apple DSLRs .",1
"This product is not worth for its money
If u r switching 1st time from android, then you will feel scrolling is very slow in it, refresh rate just 60hz, even screen is just 6.1 with big notch, making it look small, if you really have good amount of money, then buy only pro max series with 6.7 inch screen, expect camera, everything is better in android",1
"Go for I phone 12 guy's ..
I suggest you for it ..
Buy I phone 12 only . Ok",1
"I had iPhone 12 already‚Ä¶ I couldn‚Äôt found a reason to upgrade to 13.. moreover he has getting outlooks so better which is very important‚Ä¶ Samsung, oneplus and so many outlooks are far better.. we have to change the mindset of those people that we even reject iPhone worst models.. this is 3rd flop in their series.. 1st 5C, 2nd 7",1
The biggest issues starts when u buy iPhone and the phone cries for getting signal for you. If don‚Äôt trust buy iPhone and experience it.,1
"No big difference between iphone 12 and 13 , waste of money , infact iphone 12 is better than iphone 13",1
"This phone sucks buy samsung, buy oppo, buy oneplus, even mi is better than crap apple. Don't but this crap. I regretted it, you will too.",1
The back camera was not working. Flash light was also not working. Most importantly Amazon denies the replacement or refund. I went to the apple service centre they kept the phone and worked like snail. Still they are diagnosing the issue.,1
You have to pay 95000+ for this stupid phone which doesn‚Äôt make any sense especially when they don‚Äôt even pack a charger and 120hz display in such an expensive phone. Buy Google pixel phone instead.,1
"Could've been better, this is just such a small update.. I'd say stick to your old iPhone 12 if you have it.. if not then maybe think of buying this",1
"Everything almost similar to iPhone 12, either go iphone 12 only or samsung if Android is not an issue. Overrated product. Nothing new.",1
"I had a bad experience‚Ä¶.

My unlock button is not working properly, at times it‚Äôs not unlocking my phone. I bought the phone from India on the first week of its launch.",1
"No biometrics with many UI flaws. Too expensive at 90K range.
Better wait for new versions so that the price will drop for this version substantially.",1
"SLIGHT speed difference, more batter backup for more than 12 Not worth it Go for 12 instead.. No difference at all",1
Not buy due to money problems.aspo jui fds bgf and tell i am senior citizen 65 years old will be there,1
I bought this phone Bcoz I have lot of money to showoff.,1
"Country of Origin China,
you can decide your own. But India origin and manufacture only. Thank you for considering it.",1
Camera quality very bad like Android phone below Rs 4000 is this original product or duplicate product what to do or any option for camera setting I tried all settings option but not satisfied camera quality.,1
Android are way better than iOS,1
Its better to buy samsung or nokia,1
